{"type": "block", "layer": 5, "block": 0, "features": [{"geom": {"lines": [[1440.7242995901033, 1502.3108771909028, 9.691630363464355, 1401.4841790855862, 1360.0824223831296, 9.861045837402344, 1368.3332347273827, 1243.1752279996872, 9.927994728088379, 1332.6442059790716, 1064.856361784041, 9.826733589172363, 1268.9137975000776, 694.6937187276781, 14.572301864624023, 1256.1009241095744, 601.2207963112742, 15.652037620544434, 1240.2490286207758, 427.1701618358493, 16.950477600097656, 1243.7667245301418, 348.5960087738931, 17.629417419433594, 1252.5053045572713, 319.45097783766687, 17.965883255004883, 1276.906536939554, 81.7529538590461, 19.72560691833496, 1279.2776420931332, 67.14755550399423, 19.726152420043945, 1290.9995844741352, -4.877117956057191, 19.700857162475586, 1307.4192093652673, -95.95893444493413, 19.50493812561035, 1330.061593792867, -221.50349804386497, 19.23426628112793, 1341.1490150755271, -275.9596516173333, 19.116859436035156, 1356.4554450600408, -351.1868482194841, 18.98023796081543, 1414.464031712152, -636.1705104932189, 19.042430877685547, 1465.2479834128171, -927.5098799709231, 18.925045013427734, 1530.1249826471321, -1259.106710696593, 16.882707595825195, 1570.2667910270393, -1466.859121331945, 17.36197853088379, 1573.977136315778, -1523.091824254021, 17.642162322998047]]}, "mtl": {"idx": 0}}, {"geom": {"lines": [[1463.2619296684861, 1558.2254073396325, 9.51486587524414, 1491.6195707814768, 1533.2198197189718, 9.27031421661377, 1671.5007359539159, 1457.3283539991826, 7.719050884246826, 1729.2532877777703, 1427.6444928888232, 7.221002578735352, 1755.9922294658609, 1402.436686778441, 6.995205402374268, 1770.686402250547, 1369.6354922875762, 6.931845188140869, 1777.7440579668619, 1327.0364672821015, 6.901413440704346, 1780.3378021023236, 1259.564391400665, 6.890229225158691, 1776.9982173792087, 1114.1341082435101, 6.904629230499268, 1764.307795428671, 1005.2024501636624, 7.79771089553833, 1707.100709109567, 792.6211257874966, 11.468048095703125, 1692.3842724268325, 742.2322132270783, 12.355327606201172, 1611.9336764304899, 573.6333739645779, 15.458544731140137, 1527.5312385112047, 421.3588965330273, 17.48722267150879, 1503.7756591760553, 397.62404447235167, 17.723796844482422, 1419.395485154353, 391.3229662012309, 17.778133392333984, 1331.6089347149245, 359.43914750404656, 18.053077697753906, 1252.5053045572713, 319.45097783766687, 17.965883255004883]]}, "mtl": {"idx": 0}}, {"geom": {"lines": [[1700.8334217779338, 1587.422125807032, 7.466090679168701, 1694.1097245342098, 1528.4097740296274, 7.524074554443359, 1681.2411913978867, 1481.2002330832183, 7.6350507736206055, 1671.5007359539159, 1457.3283539991826, 7.719050884246826]]}, "mtl": {"idx": 0}}, {"geom": {"lines": [[2108.006723252125, -1548.7519843056798, 13.198225975036621, 1972.2637361795641, -1525.0456634163857, 14.404465675354004, 1937.509791153483, -1529.6311173550785, 14.682355880737305, 1899.7056920803152, -1529.7201552651823, 14.941777229309082, 1863.727232655976, -1522.7974543757737, 15.120266914367676, 1818.4758596480824, -1502.78613772057, 15.22298526763916, 1770.0630131023936, -1460.1366985552013, 15.088227272033691, 1718.4107693745755, -1417.776390042156, 15.191751480102539, 1705.2973333592527, -1401.0815089307725, 15.202475547790527, 1694.443683006335, -1360.5239201206714, 14.97736930847168, 1661.1591552593745, -1267.8104812148958, 14.698787689208984, 1651.2405886296183, -1248.8224468585104, 14.8026704788208, 1638.7394098136574, -1232.1939639039338, 15.058398246765137, 1627.284634210635, -1221.5089751258492, 15.294509887695312, 1660.6025578053668, -1167.6385872885585, 14.74769401550293, 1664.3985524410382, -1153.9928438588977, 14.68599796295166, 1662.4281974546611, -1134.9154733866453, 14.752042770385742, 1645.3851834144443, -1078.6848034020513, 15.231573104858398, 1626.627849215176, -1048.6326065957546, 15.758537292480469, 1605.0207360526547, -1001.1276246402413, 16.461565017700195]]}, "mtl": {"idx": 0}}, {"geom": {"lines": [[1592.5752169815823, -524.4357883613557, 17.192060470581055, 1594.9463221356273, -406.7551866155118, 16.941234588623047]]}, "mtl": {"idx": 0}}, {"geom": {"lines": [[1520.529242540244, -527.1295523475856, 19.41575813293457, 1592.5752169815823, -524.4357883613557, 17.192060470581055]]}, "mtl": {"idx": 0}}, {"geom": {"lines": [[1530.1249826471321, -1259.106710696593, 16.882707595825195, 1591.4174942774698, -1229.544978549704, 15.929926872253418, 1611.466134569142, -1223.1117244306952, 15.583559036254883, 1627.284634210635, -1221.5089751258492, 15.294509887695312]]}, "mtl": {"idx": 0}}, {"geom": {"lines": [[1846.2811525766738, 991.9364804383367, 7.536225318908691, 1764.307795428671, 1005.2024501636624, 7.79771089553833, 1708.681445879396, 1011.9716640561819, 8.144479751586914, 1332.6442059790716, 1064.856361784041, 9.826733589172363]]}, "mtl": {"idx": 0}}, {"geom": {"lines": [[1611.5106623661704, -799.8624909184873, 16.926836013793945, 1615.5404279325157, -708.8561650700867, 16.696321487426758, 1602.605103102047, -608.3204723633826, 16.989965438842773, 1592.5752169815823, -524.4357883613557, 17.192060470581055]]}, "mtl": {"idx": 0}}, {"geom": {"lines": [[1330.061593792867, -221.50349804386497, 19.23426628112793, 1523.7018480272964, -174.52750651538372, 19.3196964263916, 1558.689563984517, -170.96533379890025, 18.582157135009766, 1580.8310107025318, -178.4681580774486, 18.070072174072266, 1587.0649021868594, -201.2437469754368, 17.804121017456055, 1574.0850495612249, -352.81204996816814, 17.495084762573242]]}, "mtl": {"idx": 0}}, {"geom": {"lines": [[1414.464031712152, -636.1705104932189, 19.042430877685547, 1494.4693497451954, -622.3234223648906, 19.475128173828125, 1506.7701534782536, -615.043672664091, 19.528446197509766, 1512.8815935226157, -600.0611682254821, 19.53132438659668, 1520.529242540244, -527.1295523475856, 19.41575813293457, 1505.7460141633637, -481.9365219734609, 19.27864646911621, 1494.1131273754872, -440.1716818306595, 19.17817497253418]]}, "mtl": {"idx": 0}}, {"geom": {"lines": [[1378.5301000843756, -945.8086442239583, 18.587820053100586, 1352.4145475439727, -950.6615935377777, 18.509469985961914, 1345.8940349747427, -951.8728584125638, 18.491378784179688]]}, "mtl": {"idx": 0}}, {"geom": {"lines": [[1692.6385313454084, 1632.8331072051078, 7.53676176071167, 1693.3416200475767, 1625.5465833693743, 7.530698776245117, 1700.8334217779338, 1587.422125807032, 7.466090679168701]]}, "mtl": {"idx": 0}}, {"geom": {"lines": [[1077.342820671387, 478.37673836015165, 14.94778823852539, 1090.1235633371398, 472.569438284263, 15.111393928527832, 1104.728680529166, 472.6139693427831, 15.254003524780273]]}, "mtl": {"idx": 0}}, {"geom": {"lines": [[1085.4869753951207, 434.99852893315256, 15.31821346282959, 1090.1235633371398, 472.569438284263, 15.111393928527832, 1091.6263764631003, 497.9744522254914, 14.954122543334961]]}, "mtl": {"idx": 0}}, {"geom": {"lines": [[1128.1169055448845, 1427.6667613070458, 10.641583442687988, 1147.7536637210287, 1427.8226402346045, 10.659952163696289, 1164.9859208958223, 1428.5797665081918, 10.678089141845703]]}, "mtl": {"idx": 0}}, {"geom": {"lines": [[1001.9251307812519, 1381.6158165857196, 10.133760452270508, 1004.2052495377138, 1408.9135678876191, 10.261273384094238], [1054.65873059351, 1425.3238161485642, 10.549570083618164, 1128.1169055448845, 1427.6667613070458, 10.641583442687988]]}, "mtl": {"idx": 0}}, {"geom": {"lines": [[975.9876894266345, 1385.5795712955296, 10.039008140563965, 984.9934362322092, 1382.5065477956086, 10.064592361450195, 1001.9251307812519, 1381.6158165857196, 10.133760452270508]]}, "mtl": {"idx": 0}}, {"geom": {"lines": [[956.3954590475187, 1378.1196976266801, 9.922368049621582, 975.9876894266345, 1385.5795712955296, 10.039008140563965]]},